,State Code,County Code,Tract Code,Tract Income Level,Distressed or Underserved Tract,Tract Median Family Income %,2023 FFIEC Est.MSA/MD non- MSA/MD Median Family Income,2023 Est. Tract Median Family Income,2020 Tract Median Family Income,Tract Population,Tract Minority %,Minority Population,Owner Occupied Units,1- to 4- Family Units
0,06,059,0011.01,Middle,No,98.31,"$127,800","$125,640","$104,659",4611,64.00,2951,1022,1172
1,06,059,0011.02,Middle,No,85.61,"$127,800","$109,410","$91,136",3314,70.73,2344,553,667
2,06,059,0011.03,Moderate,No,77.47,"$127,800","$99,007","$82,476",4754,77.62,3690,603,801
3,06,059,0012.01,Moderate,No,60.08,"$127,800","$76,782","$63,958",5200,88.71,4613,585,907
4,06,059,0012.02,Moderate,No,75.57,"$127,800","$96,578","$80,455",3766,89.33,3364,568,811
5,06,059,0013.01,Middle,No,80.97,"$127,800","$103,480","$86,200",7755,70.93,5501,1668,1793
6,06,059,0013.03,Moderate,No,77.19,"$127,800","$98,649","$82,170",5626,80.52,4530,1106,1634
7,06,059,0013.04,Moderate,No,68.71,"$127,800","$87,811","$73,148",3702,83.50,3091,547,835
8,06,059,0014.01,Moderate,No,73.75,"$127,800","$94,253","$78,512",5493,72.69,3993,718,922
9,06,059,0014.02,Middle,No,87.41,"$127,800","$111,710","$93,056",5261,74.13,3900,796,1148
10,06,059,0014.03,Upper,No,128.58,"$127,800","$164,325","$136,875",3290,52.37,1723,1046,1214
11,06,059,0014.04,Moderate,No,53.98,"$127,800","$68,986","$57,463",3770,84.27,3177,565,932
12,06,059,0015.01,Middle,No,110.65,"$127,800","$141,411","$117,796",6659,54.98,3661,1961,2169
13,06,059,0015.03,Middle,No,95.34,"$127,800","$121,845","$101,500",5302,55.88,2963,1042,1432
14,06,059,0015.04,Moderate,No,79.58,"$127,800","$101,703","$84,716",4803,65.69,3155,732,1291
15,06,059,0015.05,Upper,No,121.24,"$127,800","$154,945","$129,067",7115,55.08,3919,1803,2211
16,06,059,0015.06,Middle,No,93.37,"$127,800","$119,327","$99,397",4544,57.31,2604,1034,1148
17,06,059,0015.07,Middle,No,102.55,"$127,800","$131,059","$109,167",5399,63.83,3446,551,990
18,06,059,0016.02,Upper,No,152.46,"$127,800","$194,844","$162,305",5034,54.91,2764,1458,1660
19,06,059,0016.03,Upper,No,146.19,"$127,800","$186,831","$155,625",3960,54.29,2150,851,952
20,06,059,0016.04,Upper,No,136.58,"$127,800","$174,549","$145,391",4284,56.44,2418,975,1094
21,06,059,0017.04,Upper,No,128.80,"$127,800","$164,606","$137,109",8120,85.97,6981,1600,2225
22,06,059,0017.05,Middle,No,97.79,"$127,800","$124,976","$104,099",4315,72.07,3110,918,1216
23,06,059,0017.06,Upper,No,198.51,"$127,800","$253,696","$211,319",4171,57.95,2417,1143,1241
24,06,059,0017.08,Middle,No,104.24,"$127,800","$133,219","$110,972",3736,69.25,2587,1186,1381
25,06,059,0017.09,Upper,No,127.76,"$127,800","$163,277","$136,005",2563,79.59,2040,639,700
26,06,059,0017.10,Upper,No,162.78,"$127,800","$208,033","$173,291",4728,87.75,4149,1202,1414
27,06,059,0018.01,Moderate,No,54.45,"$127,800","$69,587","$57,964",5275,85.71,4521,345,983
28,06,059,0018.02,Moderate,No,53.59,"$127,800","$68,488","$57,055",7488,84.64,6338,715,1344
29,06,059,0019.01,Middle,No,99.57,"$127,800","$127,250","$106,000",2714,75.06,2037,611,800
30,06,059,0019.02,Middle,No,83.05,"$127,800","$106,138","$88,417",2750,73.64,2025,527,670
31,06,059,0019.03,Middle,No,91.59,"$127,800","$117,052","$97,500",3539,80.08,2834,541,717
32,06,059,0110.00,Moderate,No,76.89,"$127,800","$98,265","$81,856",6754,62.45,4218,1460,1992
33,06,059,0111.01,Middle,No,96.21,"$127,800","$122,956","$102,417",4283,76.09,3259,742,995
34,06,059,0111.02,Middle,No,111.94,"$127,800","$143,059","$119,167",4445,78.18,3475,903,1101
35,06,059,0112.00,Middle,No,111.76,"$127,800","$142,829","$118,977",4275,56.37,2410,810,1296
36,06,059,0113.00,Middle,No,98.99,"$127,800","$126,509","$105,385",5510,54.81,3020,612,1312
37,06,059,0114.01,Middle,No,110.72,"$127,800","$141,500","$117,868",2118,48.16,1020,418,599
38,06,059,0114.02,Middle,No,114.56,"$127,800","$146,408","$121,957",2473,42.74,1057,808,1006
39,06,059,0114.03,Moderate,No,69.22,"$127,800","$88,463","$73,693",5822,68.36,3980,767,1550
40,06,059,0115.02,Moderate,No,79.75,"$127,800","$101,921","$84,896",4206,75.06,3157,695,1026
41,06,059,0115.03,Middle,No,98.83,"$127,800","$126,305","$105,208",1851,51.05,945,398,555
42,06,059,0115.04,Moderate,No,50.15,"$127,800","$64,092","$53,393",7850,67.96,5335,245,531
43,06,059,0116.01,Low,No,44.86,"$127,800","$57,331","$47,763",7497,86.93,6517,382,1113
44,06,059,0116.02,Moderate,No,58.58,"$127,800","$74,865","$62,364",6248,81.98,5122,701,1318
45,06,059,0117.07,Middle,No,97.36,"$127,800","$124,426","$103,644",6240,59.94,3740,1450,1683
46,06,059,0117.08,Middle,No,82.01,"$127,800","$104,809","$87,303",4975,64.80,3224,446,942
47,06,059,0117.09,Upper,No,131.33,"$127,800","$167,840","$139,803",4401,43.81,1928,1162,1374
48,06,059,0117.10,Upper,No,138.30,"$127,800","$176,747","$147,222",3649,48.62,1774,1005,1161
49,06,059,0117.11,Moderate,No,68.00,"$127,800","$86,904","$72,390",7481,75.36,5638,493,1061
50,06,059,0117.12,Moderate,No,77.71,"$127,800","$99,313","$82,727",4923,75.56,3720,801,1073
51,06,059,0117.14,Moderate,No,77.20,"$127,800","$98,662","$82,188",1016,73.52,747,12,53
52,06,059,0117.15,Middle,No,113.85,"$127,800","$145,500","$121,205",6719,47.73,3207,1692,2035
53,06,059,0117.16,Upper,No,142.22,"$127,800","$181,757","$151,396",5401,72.86,3935,1250,1426
54,06,059,0117.17,Middle,No,117.42,"$127,800","$150,063","$125,000",2849,44.44,1266,667,841
55,06,059,0117.18,Upper,No,130.71,"$127,800","$167,047","$139,148",3291,43.42,1429,845,955
56,06,059,0117.20,Low,No,37.94,"$127,800","$48,487","$40,398",6727,95.27,6409,325,1296
57,06,059,0117.21,Middle,No,81.13,"$127,800","$103,684","$86,371",5091,84.76,4315,412,999
58,06,059,0117.22,Middle,No,105.76,"$127,800","$135,161","$112,583",2350,57.45,1350,650,763
59,06,059,0218.02,Upper,No,132.69,"$127,800","$169,578","$141,250",7826,45.49,3560,1669,2231
60,06,059,0218.07,Middle,No,109.85,"$127,800","$140,388","$116,938",4268,54.12,2310,957,1227
61,06,059,0218.09,Upper,No,146.35,"$127,800","$187,035","$155,799",3304,43.07,1423,778,921
62,06,059,0218.10,Middle,No,116.15,"$127,800","$148,440","$123,646",3598,41.52,1494,969,1283
63,06,059,0218.12,Upper,No,129.94,"$127,800","$166,063","$138,333",6433,49.99,3216,1543,1859
64,06,059,0218.13,Unknown,No,0.00,"$127,800",$0,$0,107,64.49,69,3,10
65,06,059,0218.14,Upper,No,123.43,"$127,800","$157,744","$131,400",7662,58.21,4460,1617,1659
66,06,059,0218.16,Middle,No,111.20,"$127,800","$142,114","$118,378",4895,38.55,1887,1582,1897
67,06,059,0218.17,Middle,No,100.33,"$127,800","$128,222","$106,806",3506,43.75,1534,911,1158
68,06,059,0218.20,Upper,No,150.90,"$127,800","$192,850","$160,642",4128,50.85,2099,1312,1413
69,06,059,0218.21,Middle,No,98.64,"$127,800","$126,062","$105,013",7347,67.18,4936,1288,1658
70,06,059,0218.22,Upper,No,156.90,"$127,800","$200,518","$167,029",9750,58.15,5670,2471,3252
71,06,059,0218.23,Upper,No,126.76,"$127,800","$161,999","$134,946",4054,48.82,1979,1071,1291
72,06,059,0218.24,Upper,No,161.57,"$127,800","$206,486","$172,000",2581,38.71,999,758,863
73,06,059,0218.25,Middle,No,119.98,"$127,800","$153,334","$127,721",3119,40.17,1253,966,1122
74,06,059,0218.26,Middle,No,85.61,"$127,800","$109,410","$91,136",2766,45.70,1264,547,753
75,06,059,0218.27,Upper,No,140.61,"$127,800","$179,700","$149,688",3192,50.75,1620,798,890
76,06,059,0218.28,Upper,No,170.26,"$127,800","$217,592","$181,250",4123,49.82,2054,1259,1302
77,06,059,0218.29,Upper,No,169.31,"$127,800","$216,378","$180,238",5242,45.52,2386,1522,1653
78,06,059,0218.30,Upper,No,164.52,"$127,800","$210,257","$175,135",5714,41.09,2348,2007,2106
79,06,059,0218.31,Upper,No,137.90,"$127,800","$176,236","$146,806",6497,62.21,4042,1583,1901
80,06,059,0218.32,Upper,No,155.90,"$127,800","$199,240","$165,962",6735,76.45,5149,1500,1643
81,06,059,0219.03,Middle,No,109.48,"$127,800","$139,915","$116,546",4430,62.26,2758,1033,1402
82,06,059,0219.05,Upper,No,135.96,"$127,800","$173,757","$144,732",5689,48.55,2762,1558,1723
83,06,059,0219.12,Upper,No,178.86,"$127,800","$228,583","$190,400",4430,40.50,1794,1435,1519
84,06,059,0219.13,Middle,No,94.41,"$127,800","$120,656","$100,505",7702,78.03,6010,1182,1948
85,06,059,0219.14,Middle,No,114.46,"$127,800","$146,280","$121,844",4213,57.87,2438,921,1123
86,06,059,0219.15,Upper,No,123.05,"$127,800","$157,258","$130,988",3967,47.29,1876,1305,1479
87,06,059,0219.16,Upper,No,162.60,"$127,800","$207,803","$173,095",3665,40.71,1492,980,1065
88,06,059,0219.17,Upper,No,170.95,"$127,800","$218,474","$181,985",3354,32.98,1106,965,1108
89,06,059,0219.18,Upper,No,129.81,"$127,800","$165,897","$138,194",5035,51.20,2578,1463,1497
90,06,059,0219.19,Upper,No,129.79,"$127,800","$165,872","$138,164",2841,40.87,1161,785,1035
91,06,059,0219.20,Upper,No,158.32,"$127,800","$202,333","$168,534",7179,46.09,3309,2152,2418
92,06,059,0219.21,Upper,No,181.11,"$127,800","$231,459","$192,801",4338,45.69,1982,1379,1434
93,06,059,0219.22,Upper,No,120.72,"$127,800","$154,280","$128,517",4953,45.04,2231,1377,1684
94,06,059,0219.23,Upper,No,139.60,"$127,800","$178,409","$148,611",6697,49.87,3340,2075,2489
95,06,059,0219.24,Upper,No,137.90,"$127,800","$176,236","$146,806",4622,53.46,2471,896,1233
96,06,059,0320.02,Upper,No,135.76,"$127,800","$173,501","$144,526",6071,33.77,2050,1613,1957
97,06,059,0320.03,Upper,No,148.98,"$127,800","$190,396","$158,600",4756,32.78,1559,1451,1556
98,06,059,0320.11,Middle,No,104.16,"$127,800","$133,116","$110,882",1613,23.00,371,548,700
99,06,059,0320.12,Upper,No,144.19,"$127,800","$184,275","$153,500",3591,32.22,1157,1053,1125
100,06,059,0320.13,Middle,No,94.08,"$127,800","$120,234","$100,152",5065,34.20,1732,995,1252
101,06,059,0320.14,Moderate,No,76.32,"$127,800","$97,537","$81,250",6039,68.17,4117,1458,1487
102,06,059,0320.15,Upper,No,138.42,"$127,800","$176,901","$147,353",6730,46.32,3117,1603,1840
103,06,059,0320.20,Upper,No,130.34,"$127,800","$166,575","$138,750",5540,34.96,1937,1595,1847
104,06,059,0320.22,Middle,No,82.63,"$127,800","$105,601","$87,970",6808,62.15,4231,949,1519
105,06,059,0320.27,Middle,No,110.21,"$127,800","$140,848","$117,321",6264,63.35,3968,1138,1748
106,06,059,0320.28,Middle,No,92.76,"$127,800","$118,547","$98,750",3610,51.05,1843,888,1257
107,06,059,0320.29,Middle,No,113.43,"$127,800","$144,964","$120,750",4486,48.13,2159,1087,1366
108,06,059,0320.30,Middle,No,119.41,"$127,800","$152,606","$127,115",3778,40.97,1548,1042,1206
109,06,059,0320.31,Upper,No,128.75,"$127,800","$164,543","$137,059",3580,38.16,1366,990,1126
110,06,059,0320.32,Upper,No,123.45,"$127,800","$157,769","$131,414",2972,32.40,963,744,967
111,06,059,0320.33,Middle,No,111.03,"$127,800","$141,896","$118,201",3629,47.23,1714,722,1074
112,06,059,0320.34,Upper,No,166.93,"$127,800","$213,337","$177,700",5595,33.12,1853,1592,1727
113,06,059,0320.35,Upper,No,157.93,"$127,800","$201,835","$168,125",2307,29.30,676,771,851
114,06,059,0320.36,Upper,No,132.57,"$127,800","$169,424","$141,125",3495,34.71,1213,1064,1089
115,06,059,0320.37,Upper,No,139.04,"$127,800","$177,693","$148,015",4939,22.35,1104,2288,2710
116,06,059,0320.38,Upper,No,124.42,"$127,800","$159,009","$132,452",6439,38.98,2510,1954,2156
117,06,059,0320.39,Upper,No,125.36,"$127,800","$160,210","$133,452",6519,43.15,2813,1482,1939
118,06,059,0320.40,Upper,No,124.79,"$127,800","$159,482","$132,847",2611,27.92,729,815,884
119,06,059,0320.41,Upper,No,128.51,"$127,800","$164,236","$136,806",972,28.91,281,323,396
120,06,059,0320.42,Upper,No,178.87,"$127,800","$228,596","$190,417",5490,32.77,1799,1789,1933
121,06,059,0320.43,Upper,No,226.37,"$127,800","$289,301","$240,982",3775,29.75,1123,1014,1099
122,06,059,0320.44,Upper,No,215.42,"$127,800","$275,307","$229,318",5588,24.18,1351,1787,2044
123,06,059,0320.45,Upper,No,166.22,"$127,800","$212,429","$176,950",3173,30.00,952,926,1027
124,06,059,0320.46,Upper,No,203.02,"$127,800","$259,460","$216,125",5949,28.32,1685,1763,1967
125,06,059,0320.47,Middle,No,106.09,"$127,800","$135,583","$112,944",4545,46.38,2108,1088,1023
126,06,059,0320.48,Upper,No,143.92,"$127,800","$183,930","$153,214",5505,35.89,1976,1891,2140
127,06,059,0320.49,Upper,No,157.87,"$127,800","$201,758","$168,056",9627,42.18,4061,2338,2661
128,06,059,0320.50,Upper,No,132.82,"$127,800","$169,744","$141,397",4950,41.13,2036,1396,1616
129,06,059,0320.51,Middle,No,90.30,"$127,800","$115,403","$96,127",4627,48.65,2251,1111,1069
130,06,059,0320.53,Upper,No,152.83,"$127,800","$195,317","$162,697",8242,39.23,3233,2385,2493
131,06,059,0320.54,Middle,No,101.32,"$127,800","$129,487","$107,857",5703,47.83,2728,860,1024
132,06,059,0320.55,Middle,No,113.34,"$127,800","$144,849","$120,662",3864,54.35,2100,785,1009
133,06,059,0320.57,Upper,No,163.13,"$127,800","$208,480","$173,655",7641,35.53,2715,1601,2118
134,06,059,0320.58,Upper,No,197.90,"$127,800","$252,916","$210,669",7758,29.74,2307,1765,2095
135,06,059,0320.59,Upper,No,154.48,"$127,800","$197,425","$164,455",10060,37.51,3774,2029,2451
136,06,059,0320.61,Upper,No,144.18,"$127,800","$184,262","$153,485",5354,25.68,1375,1979,2243
137,06,059,0320.62,Upper,No,183.36,"$127,800","$234,334","$195,192",4806,24.51,1178,1178,1243
138,06,059,0320.63,Upper,No,157.27,"$127,800","$200,991","$167,426",7128,30.92,2204,1964,2250
139,06,059,0320.64,Upper,No,144.10,"$127,800","$184,160","$153,398",2799,27.44,768,562,692
140,06,059,0320.65,Upper,No,166.80,"$127,800","$213,170","$177,569",6160,41.40,2550,1544,1630
141,06,059,0320.66,Upper,No,162.49,"$127,800","$207,662","$172,976",8194,36.28,2973,1462,1495
142,06,059,0421.06,Upper,No,159.46,"$127,800","$203,790","$169,750",2156,21.24,458,614,1057
143,06,059,0421.07,Middle,No,86.03,"$127,800","$109,946","$91,581",4001,54.71,2189,466,1211
144,06,059,0421.08,Middle,No,81.52,"$127,800","$104,183","$86,786",5434,32.13,1746,447,2460
145,06,059,0421.09,Middle,No,84.73,"$127,800","$108,285","$90,204",4871,30.88,1504,1314,1493
146,06,059,0421.11,Upper,No,149.28,"$127,800","$190,780","$158,916",5839,21.46,1253,2029,2165
147,06,059,0421.12,Upper,No,158.31,"$127,800","$202,320","$168,528",6796,27.53,1871,1829,2222
148,06,059,0421.13,Upper,No,135.84,"$127,800","$173,604","$144,613",4351,23.17,1008,1516,1820
149,06,059,0421.14,Middle,No,117.61,"$127,800","$150,306","$125,203",3836,29.17,1119,717,1473
150,06,059,0421.15,Middle,No,86.79,"$127,800","$110,918","$92,391",1470,21.50,316,360,361
151,06,059,0421.16,Upper,No,129.58,"$127,800","$165,603","$137,946",5973,22.37,1336,1461,2485
152,06,059,0422.01,Middle,No,109.06,"$127,800","$139,379","$116,106",5617,32.92,1849,1521,2784
153,06,059,0422.03,Upper,No,159.72,"$127,800","$204,122","$170,024",8429,26.87,2265,3044,3702
154,06,059,0422.05,Upper,No,141.87,"$127,800","$181,310","$151,028",6571,31.81,2090,1646,2339
155,06,059,0422.06,Upper,No,122.56,"$127,800","$156,632","$130,469",3296,22.82,752,925,1480
156,06,059,0423.05,Upper,No,216.64,"$127,800","$276,866","$230,625",3397,15.07,512,1117,1645
157,06,059,0423.07,Middle,No,117.65,"$127,800","$150,357","$125,242",7263,50.13,3641,1659,1873
158,06,059,0423.11,Middle,No,110.13,"$127,800","$140,746","$117,236",5965,29.94,1786,2122,2580
159,06,059,0423.12,Middle,No,93.35,"$127,800","$119,301","$99,375",8497,75.49,6414,1194,2181
160,06,059,0423.13,Moderate,No,77.97,"$127,800","$99,646","$83,005",6286,36.86,2317,993,2393
161,06,059,0423.15,Middle,No,111.74,"$127,800","$142,804","$118,958",6118,31.79,1945,1689,1901
162,06,059,0423.17,Upper,No,153.95,"$127,800","$196,748","$163,884",3304,20.34,672,1096,1203
163,06,059,0423.19,Upper,No,136.26,"$127,800","$174,140","$145,056",3195,31.17,996,931,1191
164,06,059,0423.20,Middle,No,90.62,"$127,800","$115,812","$96,467",5879,51.17,3008,1236,1563
165,06,059,0423.23,Upper,No,163.99,"$127,800","$209,579","$174,571",4607,20.36,938,1511,2202
166,06,059,0423.24,Upper,No,145.71,"$127,800","$186,217","$155,118",4336,21.26,922,1405,1915
167,06,059,0423.25,Upper,No,126.67,"$127,800","$161,884","$134,850",3351,28.62,959,1234,1375
168,06,059,0423.26,Upper,No,135.35,"$127,800","$172,977","$144,091",4520,33.89,1532,1207,1557
169,06,059,0423.27,Middle,No,106.85,"$127,800","$136,554","$113,750",4774,36.72,1753,1459,1716
170,06,059,0423.28,Upper,No,204.00,"$127,800","$260,712","$217,162",2443,25.95,634,827,871
171,06,059,0423.29,Middle,No,113.19,"$127,800","$144,657","$120,500",4048,24.95,1010,1126,1317
172,06,059,0423.30,Middle,No,107.05,"$127,800","$136,810","$113,958",6254,48.24,3017,1219,1670
173,06,059,0423.31,Middle,No,82.13,"$127,800","$104,962","$87,435",5377,40.06,2154,895,1674
174,06,059,0423.32,Upper,No,179.26,"$127,800","$229,094","$190,833",5197,23.34,1213,1863,2345
175,06,059,0423.33,Upper,No,191.44,"$127,800","$244,660","$203,792",4970,34.67,1723,1241,1287
176,06,059,0423.34,Middle,No,91.35,"$127,800","$116,745","$97,250",5118,40.45,2070,1092,1733
177,06,059,0423.35,Upper,No,147.95,"$127,800","$189,080","$157,500",6462,43.96,2841,1480,1982
178,06,059,0423.36,Upper,No,162.16,"$127,800","$207,240","$172,621",4382,30.69,1345,1163,1410
179,06,059,0423.37,Upper,No,170.50,"$127,800","$217,899","$181,500",3429,26.01,892,1012,1296
180,06,059,0423.38,Upper,No,121.74,"$127,800","$155,584","$129,596",4474,24.52,1097,1277,1809
181,06,059,0423.39,Middle,No,113.98,"$127,800","$145,666","$121,339",3364,33.23,1118,942,1351
182,06,059,0423.40,Moderate,No,53.14,"$127,800","$67,913","$56,576",2268,78.66,1784,369,718
183,06,059,0423.41,Middle,No,101.13,"$127,800","$129,244","$107,659",6220,35.34,2198,1986,2412
184,06,059,0524.08,Upper,No,143.42,"$127,800","$183,291","$152,679",6111,39.85,2435,1560,2235
185,06,059,0524.10,Middle,No,119.82,"$127,800","$153,130","$127,557",5391,52.44,2827,1603,1990
186,06,059,0524.11,Middle,No,110.40,"$127,800","$141,091","$117,532",5012,65.00,3258,1030,1366
187,06,059,0524.15,Upper,No,147.78,"$127,800","$188,863","$157,314",3933,36.74,1445,1301,1361
188,06,059,0524.16,Middle,No,116.72,"$127,800","$149,168","$124,250",3940,53.86,2122,1026,1306
189,06,059,0524.17,Upper,No,122.70,"$127,800","$156,811","$130,625",6727,59.48,4001,1787,2525
190,06,059,0524.19,Upper,No,193.83,"$127,800","$247,715","$206,343",3413,57.75,1971,1002,1089
191,06,059,0524.21,Upper,No,158.17,"$127,800","$202,141","$168,382",9631,70.96,6834,1898,2540
192,06,059,0524.22,Upper,No,132.43,"$127,800","$169,246","$140,983",11557,56.90,6576,2320,3047
193,06,059,0524.23,Upper,No,125.18,"$127,800","$159,980","$133,261",6511,57.00,3711,857,1208
194,06,059,0524.24,Middle,No,100.28,"$127,800","$128,158","$106,750",4761,51.88,2470,1332,1336
195,06,059,0524.25,Middle,No,90.96,"$127,800","$116,247","$96,838",5915,52.76,3121,1242,1736
196,06,059,0524.27,Upper,No,144.64,"$127,800","$184,850","$153,977",5069,52.99,2686,1407,1573
197,06,059,0524.28,Upper,No,165.26,"$127,800","$211,202","$175,931",7200,43.07,3101,2036,2292
198,06,059,0524.29,Middle,No,110.62,"$127,800","$141,372","$117,763",9524,80.87,7702,1367,1837
199,06,059,0524.30,Upper,No,168.50,"$127,800","$215,343","$179,375",15755,67.06,10566,3467,4722
200,06,059,0524.31,Upper,No,141.42,"$127,800","$180,735","$150,549",4826,72.07,3478,795,1077
201,06,059,0524.32,Upper,No,121.14,"$127,800","$154,817","$128,955",8996,72.24,6499,790,1435
202,06,059,0524.33,Middle,No,90.92,"$127,800","$116,196","$96,787",15465,74.52,11524,1260,2269
203,06,059,0524.34,Upper,No,146.20,"$127,800","$186,844","$155,634",7094,70.68,5014,1203,1919
204,06,059,0524.35,Middle,No,91.84,"$127,800","$117,372","$97,768",6906,67.49,4661,852,1220
205,06,059,0524.36,Upper,No,165.88,"$127,800","$211,995","$176,581",6080,73.52,4470,1498,1683
206,06,059,0524.37,Upper,No,127.47,"$127,800","$162,907","$135,694",7679,79.03,6069,846,1307
207,06,059,0524.38,Upper,No,138.77,"$127,800","$177,348","$147,725",6784,76.99,5223,541,858
208,06,059,0524.39,Middle,No,112.80,"$127,800","$144,158","$120,078",9926,76.70,7613,1045,1934
209,06,059,0525.02,Middle,No,114.92,"$127,800","$146,868","$122,344",6132,60.47,3708,1598,1885
210,06,059,0525.05,Moderate,No,76.42,"$127,800","$97,665","$81,354",4973,66.10,3287,1065,1558
211,06,059,0525.06,Upper,No,130.87,"$127,800","$167,252","$139,313",2456,46.34,1138,703,868
212,06,059,0525.11,Upper,No,150.98,"$127,800","$192,952","$160,722",6066,48.45,2939,1643,2148
213,06,059,0525.13,Upper,No,124.90,"$127,800","$159,622","$132,961",5801,51.27,2974,1141,1580
214,06,059,0525.14,Middle,No,112.32,"$127,800","$143,545","$119,573",5288,53.95,2853,1006,1516
215,06,059,0525.18,Middle,No,86.51,"$127,800","$110,560","$92,093",7470,44.30,3309,9,110
216,06,059,0525.19,Middle,No,88.76,"$127,800","$113,435","$94,489",4217,56.98,2403,754,1138
217,06,059,0525.20,Middle,No,118.74,"$127,800","$151,750","$126,406",3539,47.47,1680,716,1188
218,06,059,0525.21,Middle,No,91.30,"$127,800","$116,681","$97,198",5216,62.67,3269,362,600
219,06,059,0525.22,Upper,No,125.02,"$127,800","$159,776","$133,093",4236,64.02,2712,596,1100
220,06,059,0525.23,Middle,No,110.04,"$127,800","$140,631","$117,143",4088,63.55,2598,636,938
221,06,059,0525.24,Middle,No,117.65,"$127,800","$150,357","$125,250",8020,65.21,5230,1280,1796
222,06,059,0525.26,Middle,No,113.60,"$127,800","$145,181","$120,938",4182,64.90,2714,1018,1294
223,06,059,0525.27,Upper,No,129.63,"$127,800","$165,667","$138,003",8244,67.99,5605,1917,2365
224,06,059,0525.28,Upper,No,154.87,"$127,800","$197,924","$164,861",3453,65.51,2262,863,1162
225,06,059,0525.29,Upper,No,177.31,"$127,800","$226,602","$188,750",3370,74.30,2504,636,851
226,06,059,0525.30,Middle,No,118.96,"$127,800","$152,031","$126,644",5630,67.41,3795,794,1194
227,06,059,0525.31,Upper,No,122.56,"$127,800","$156,632","$130,469",4217,60.61,2556,670,930
228,06,059,0525.32,Middle,No,115.17,"$127,800","$147,187","$122,604",6488,65.27,4235,1151,1306
229,06,059,0525.33,Upper,No,123.04,"$127,800","$157,245","$130,979",7268,66.99,4869,1743,2194
230,06,059,0525.34,Moderate,No,53.20,"$127,800","$67,990","$56,637",2299,62.16,1429,0,149
231,06,059,0525.35,Moderate,No,78.47,"$127,800","$100,285","$83,542",5603,72.16,4043,794,986
232,06,059,0626.05,Middle,No,94.72,"$127,800","$121,052","$100,833",3043,20.93,637,484,1363
233,06,059,0626.10,Upper,No,122.14,"$127,800","$156,095","$130,026",11867,52.89,6277,1114,303
234,06,059,0626.11,Moderate,No,56.73,"$127,800","$72,501","$60,391",4012,64.48,2587,338,973
235,06,059,0626.14,Upper,No,127.62,"$127,800","$163,098","$135,862",25232,74.02,18677,945,1408
236,06,059,0626.19,Upper,No,142.73,"$127,800","$182,409","$151,944",3856,19.06,735,1219,1981
237,06,059,0626.20,Upper,No,191.68,"$127,800","$244,967","$204,046",5031,19.08,960,1559,2703
238,06,059,0626.22,Moderate,No,54.98,"$127,800","$70,264","$58,534",4437,38.52,1709,1779,1391
239,06,059,0626.25,Moderate,No,62.47,"$127,800","$79,837","$66,500",4492,53.54,2405,1371,1451
240,06,059,0626.26,Moderate,No,71.79,"$127,800","$91,748","$76,429",2827,74.53,2107,181,485
241,06,059,0626.27,Moderate,No,69.41,"$127,800","$88,706","$73,889",3184,61.84,1969,176,731
242,06,059,0626.28,Middle,No,91.46,"$127,800","$116,886","$97,361",3495,60.17,2103,358,712
243,06,059,0626.29,Upper,No,131.51,"$127,800","$168,070","$140,000",2709,50.54,1369,692,839
244,06,059,0626.30,Middle,No,105.31,"$127,800","$134,586","$112,109",1667,39.89,665,447,661
245,06,059,0626.31,Upper,No,194.92,"$127,800","$249,108","$207,500",3198,41.65,1332,944,1147
246,06,059,0626.32,Upper,No,155.94,"$127,800","$199,291","$166,000",4208,21.41,901,1216,1899
247,06,059,0626.33,Upper,No,182.66,"$127,800","$233,439","$194,448",6623,42.16,2792,1641,1815
248,06,059,0626.34,Upper,No,146.15,"$127,800","$186,780","$155,580",5441,38.39,2089,1317,1590
249,06,059,0626.35,Upper,No,137.13,"$127,800","$175,252","$145,982",4102,42.08,1726,1265,1695
250,06,059,0626.36,Middle,No,109.90,"$127,800","$140,452","$117,000",3758,48.27,1814,578,862
251,06,059,0626.37,Middle,No,107.49,"$127,800","$137,372","$114,432",5875,43.91,2580,438,744
252,06,059,0626.38,Middle,No,119.39,"$127,800","$152,580","$127,097",6531,47.19,3082,1078,1451
253,06,059,0626.39,Upper,No,136.72,"$127,800","$174,728","$145,547",7917,39.37,3117,1900,2225
254,06,059,0626.40,Middle,No,103.58,"$127,800","$132,375","$110,268",3655,42.24,1544,795,922
255,06,059,0626.41,Middle,No,114.29,"$127,800","$146,063","$121,667",5399,53.66,2897,1205,1249
256,06,059,0626.42,Upper,No,176.25,"$127,800","$225,248","$187,625",2849,16.92,482,1216,1451
257,06,059,0626.43,Upper,No,216.24,"$127,800","$276,355","$230,197",7333,38.80,2845,2279,2889
258,06,059,0626.45,Upper,No,218.50,"$127,800","$279,243","$232,600",6033,31.59,1906,1716,2341
259,06,059,0626.46,Moderate,No,61.43,"$127,800","$78,508","$65,400",3718,28.00,1041,1864,1538
260,06,059,0626.47,Moderate,No,75.15,"$127,800","$96,042","$80,000",4863,42.38,2061,1132,1313
261,06,059,0626.48,Moderate,No,63.47,"$127,800","$81,115","$67,566",3181,30.62,974,1277,1252
262,06,059,0626.49,Moderate,No,75.27,"$127,800","$96,195","$80,132",3562,33.52,1194,1015,809
263,06,059,0626.50,Upper,No,138.42,"$127,800","$176,901","$147,354",4776,47.55,2271,1232,1571
264,06,059,0626.51,Upper,No,120.58,"$127,800","$154,101","$128,359",2879,54.36,1565,427,1111
265,06,059,0626.52,Middle,No,98.19,"$127,800","$125,487","$104,531",4875,47.45,2313,1477,1890
266,06,059,0626.53,Upper,No,120.90,"$127,800","$154,510","$128,704",6694,56.08,3754,574,1265
267,06,059,0626.54,Upper,No,155.38,"$127,800","$198,576","$165,404",6785,61.86,4197,986,2332
268,06,059,0626.55,Upper,No,234.85,"$127,800","$300,138","$250,001",5156,52.87,2726,1096,1761
269,06,059,0626.56,Upper,No,202.12,"$127,800","$258,309","$215,166",3449,16.53,570,1065,1733
270,06,059,0626.57,Upper,No,234.85,"$127,800","$300,138","$250,001",2618,32.39,848,359,462
271,06,059,0626.58,Upper,No,163.67,"$127,800","$209,170","$174,234",5410,21.52,1164,1163,1412
272,06,059,0627.01,Upper,No,202.64,"$127,800","$258,974","$215,714",2667,14.17,378,922,1472
273,06,059,0627.02,Upper,No,161.54,"$127,800","$206,448","$171,964",4515,18.16,820,1062,2296
274,06,059,0628.00,Upper,No,223.63,"$127,800","$285,799","$238,060",3806,16.61,632,766,2697
275,06,059,0629.00,Upper,No,186.00,"$127,800","$237,708","$198,000",1716,12.53,215,694,931
276,06,059,0630.04,Upper,No,130.21,"$127,800","$166,408","$138,614",6202,23.04,1429,1304,2024
277,06,059,0630.05,Upper,No,149.12,"$127,800","$190,575","$158,750",1447,16.10,233,206,505
278,06,059,0630.06,Upper,No,146.44,"$127,800","$187,150","$155,893",2490,12.97,323,767,1938
279,06,059,0630.07,Upper,No,161.91,"$127,800","$206,921","$172,361",6699,25.05,1678,1623,1949
280,06,059,0630.08,Upper,No,179.80,"$127,800","$229,784","$191,405",2408,21.64,521,180,241
281,06,059,0630.09,Upper,No,194.92,"$127,800","$249,108","$207,500",1767,25.47,450,645,722
282,06,059,0630.10,Upper,No,166.58,"$127,800","$212,889","$177,332",6698,23.40,1567,1241,1599
283,06,059,0631.01,Middle,No,93.77,"$127,800","$119,838","$99,821",2935,43.58,1279,458,632
284,06,059,0631.02,Middle,No,104.61,"$127,800","$133,692","$111,369",6932,30.18,2092,1457,2162
285,06,059,0631.03,Upper,No,208.48,"$127,800","$266,437","$221,932",2763,23.60,652,992,1246
286,06,059,0632.01,Middle,No,96.73,"$127,800","$123,621","$102,974",4006,28.88,1157,668,1253
287,06,059,0632.02,Upper,No,120.45,"$127,800","$153,935","$128,229",3693,28.97,1070,743,1286
288,06,059,0633.01,Middle,No,103.09,"$127,800","$131,749","$109,750",3001,27.49,825,513,1063
289,06,059,0633.02,Upper,No,142.27,"$127,800","$181,821","$151,458",4176,23.68,989,712,1430
290,06,059,0634.00,Upper,No,153.23,"$127,800","$195,828","$163,125",4776,17.23,823,1242,1943
291,06,059,0635.00,Middle,No,112.44,"$127,800","$143,698","$119,698",4938,19.79,977,1121,3827
292,06,059,0636.01,Middle,No,119.74,"$127,800","$153,028","$127,465",3794,38.69,1468,995,1471
293,06,059,0636.03,Middle,No,107.63,"$127,800","$137,551","$114,576",6450,31.16,2010,1312,1478
294,06,059,0636.04,Moderate,No,68.21,"$127,800","$87,172","$72,616",4061,56.83,2308,520,771
295,06,059,0636.05,Low,No,45.99,"$127,800","$58,775","$48,958",5630,77.14,4343,489,1091
296,06,059,0637.01,Moderate,No,54.78,"$127,800","$70,009","$58,320",5886,84.69,4985,245,826
297,06,059,0637.02,Moderate,No,53.96,"$127,800","$68,961","$57,444",6131,63.76,3909,343,939
298,06,059,0638.02,Middle,No,117.05,"$127,800","$149,590","$124,609",2934,36.09,1059,879,1074
299,06,059,0638.03,Middle,No,103.83,"$127,800","$132,695","$110,532",4353,43.03,1873,944,1345
300,06,059,0638.05,Upper,No,132.22,"$127,800","$168,977","$140,750",2458,35.03,861,703,893
301,06,059,0638.06,Middle,No,108.94,"$127,800","$139,225","$115,972",3943,39.84,1571,777,1291
302,06,059,0638.07,Moderate,No,63.80,"$127,800","$81,536","$67,917",4950,49.35,2443,337,661
303,06,059,0638.08,Moderate,No,51.11,"$127,800","$65,319","$54,413",5688,82.42,4688,374,986
304,06,059,0639.02,Middle,No,117.63,"$127,800","$150,331","$125,221",6881,56.94,3918,718,1157
305,06,059,0639.03,Middle,No,111.15,"$127,800","$142,050","$118,322",4159,60.66,2523,717,1082
306,06,059,0639.04,Middle,No,85.91,"$127,800","$109,793","$91,458",4661,61.19,2852,776,1267
307,06,059,0639.05,Middle,No,97.46,"$127,800","$124,554","$103,750",4349,37.92,1649,694,1034
308,06,059,0639.06,Middle,No,89.33,"$127,800","$114,164","$95,093",5947,64.76,3851,964,988
309,06,059,0639.08,Middle,No,84.73,"$127,800","$108,285","$90,201",5732,54.20,3107,662,1114
310,06,059,0639.09,Middle,No,92.76,"$127,800","$118,547","$98,750",3155,49.70,1568,14,105
311,06,059,0639.10,Middle,No,115.17,"$127,800","$147,187","$122,609",4356,52.71,2296,1010,1261
312,06,059,0740.03,Middle,No,80.24,"$127,800","$102,547","$85,417",3760,78.03,2934,308,533
313,06,059,0740.04,Middle,No,89.50,"$127,800","$114,381","$95,278",7395,84.33,6236,1217,1717
314,06,059,0740.05,Moderate,No,78.48,"$127,800","$100,297","$83,553",6733,91.64,6170,768,1281
315,06,059,0740.06,Moderate,No,65.60,"$127,800","$83,837","$69,836",5379,83.44,4488,553,527
316,06,059,0741.02,Middle,No,82.16,"$127,800","$105,000","$87,462",6278,96.07,6031,992,1095
317,06,059,0741.03,Middle,No,94.13,"$127,800","$120,298","$100,208",4570,96.21,4397,804,1134
318,06,059,0741.06,Moderate,No,66.24,"$127,800","$84,655","$70,518",6330,84.60,5355,986,1286
319,06,059,0741.07,Middle,No,94.66,"$127,800","$120,975","$100,774",5856,66.80,3912,687,804
320,06,059,0741.08,Moderate,No,77.38,"$127,800","$98,892","$82,375",4640,96.90,4496,605,943
321,06,059,0741.09,Moderate,No,75.38,"$127,800","$96,336","$80,250",3392,97.35,3302,324,660
322,06,059,0741.10,Middle,No,88.58,"$127,800","$113,205","$94,300",3438,85.14,2927,858,1012
323,06,059,0741.11,Middle,No,91.14,"$127,800","$116,477","$97,027",5277,87.25,4604,1020,1197
324,06,059,0742.00,Moderate,No,74.88,"$127,800","$95,697","$79,720",8608,97.71,8411,1132,1610
325,06,059,0743.00,Moderate,No,71.37,"$127,800","$91,211","$75,982",3972,96.95,3851,474,875
326,06,059,0744.03,Low,No,40.83,"$127,800","$52,181","$43,468",5389,98.89,5329,149,426
327,06,059,0744.05,Low,No,43.72,"$127,800","$55,874","$46,545",6091,93.63,5703,269,722
328,06,059,0744.06,Moderate,No,64.46,"$127,800","$82,380","$68,625",3789,94.46,3579,323,546
329,06,059,0744.07,Low,No,48.87,"$127,800","$62,456","$52,027",6024,92.93,5598,411,821
330,06,059,0744.08,Moderate,No,53.15,"$127,800","$67,926","$56,579",5453,90.94,4959,362,588
331,06,059,0745.01,Low,No,39.50,"$127,800","$50,481","$42,052",5790,98.58,5708,281,591
332,06,059,0745.02,Moderate,No,52.79,"$127,800","$67,466","$56,196",5210,97.74,5092,745,1217
333,06,059,0746.01,Middle,No,91.74,"$127,800","$117,244","$97,662",7471,94.69,7074,921,1807
334,06,059,0746.02,Moderate,No,56.12,"$127,800","$71,721","$59,750",8002,97.06,7767,825,1391
335,06,059,0747.01,Moderate,No,64.60,"$127,800","$82,559","$68,772",7611,98.63,7507,893,1261
336,06,059,0747.02,Middle,No,86.50,"$127,800","$110,547","$92,083",5775,97.51,5631,697,1063
337,06,059,0748.01,Moderate,No,58.14,"$127,800","$74,303","$61,895",5313,97.76,5194,588,997
338,06,059,0748.02,Moderate,No,50.42,"$127,800","$64,437","$53,681",6348,98.06,6225,635,1125
339,06,059,0748.03,Moderate,No,77.58,"$127,800","$99,147","$82,589",8526,96.50,8228,1185,1805
340,06,059,0748.05,Low,No,46.64,"$127,800","$59,606","$49,653",4783,98.64,4718,209,408
341,06,059,0748.06,Moderate,No,51.52,"$127,800","$65,843","$54,851",4765,98.22,4680,465,678
342,06,059,0749.01,Moderate,No,50.68,"$127,800","$64,769","$53,950",8576,98.12,8415,500,1322
343,06,059,0749.02,Low,No,46.42,"$127,800","$59,325","$49,423",5850,98.14,5741,442,886
344,06,059,0750.02,Low,No,34.59,"$127,800","$44,206","$36,827",8236,91.33,7522,295,786
345,06,059,0750.03,Low,No,33.88,"$127,800","$43,299","$36,075",6493,96.46,6263,39,291
346,06,059,0750.04,Low,No,44.22,"$127,800","$56,513","$47,083",4765,95.34,4543,75,330
347,06,059,0751.00,Moderate,No,61.84,"$127,800","$79,032","$65,833",9883,83.20,8223,847,1429
348,06,059,0752.01,Moderate,No,51.58,"$127,800","$65,919","$54,912",5594,98.43,5506,642,1039
349,06,059,0752.02,Middle,No,85.30,"$127,800","$109,013","$90,809",5427,97.53,5293,771,1158
350,06,059,0753.01,Moderate,No,76.31,"$127,800","$97,524","$81,234",5512,83.40,4597,881,1067
351,06,059,0753.02,Moderate,No,73.09,"$127,800","$93,409","$77,813",4568,89.27,4078,640,915
352,06,059,0753.03,Upper,No,142.15,"$127,800","$181,668","$151,324",3357,54.78,1839,999,1104
353,06,059,0754.01,Middle,No,95.74,"$127,800","$122,356","$101,923",3859,67.74,2614,1173,1364
354,06,059,0754.03,Moderate,No,70.15,"$127,800","$89,652","$74,676",7707,79.63,6137,1518,1697
355,06,059,0754.04,Middle,No,90.75,"$127,800","$115,979","$96,607",6362,76.94,4895,1026,1532
356,06,059,0754.05,Moderate,No,73.42,"$127,800","$93,831","$78,158",3204,69.51,2227,514,710
357,06,059,0755.04,Middle,No,106.39,"$127,800","$135,966","$113,261",4103,50.65,2078,892,1308
358,06,059,0755.05,Middle,No,82.56,"$127,800","$105,512","$87,896",3763,65.11,2450,573,926
359,06,059,0755.06,Middle,No,113.01,"$127,800","$144,427","$120,305",3541,54.39,1926,924,1090
360,06,059,0755.07,Middle,No,83.99,"$127,800","$107,339","$89,417",5476,74.01,4053,426,1047
361,06,059,0755.12,Middle,No,80.02,"$127,800","$102,266","$85,186",3719,84.46,3141,386,578
362,06,059,0755.13,Moderate,No,72.80,"$127,800","$93,038","$77,500",5071,82.73,4195,509,931
363,06,059,0755.14,Moderate,No,57.24,"$127,800","$73,153","$60,938",3553,87.95,3125,232,506
364,06,059,0755.16,Middle,No,81.70,"$127,800","$104,413","$86,974",9045,62.18,5624,63,74
365,06,059,0755.17,Moderate,No,64.32,"$127,800","$82,201","$68,472",6809,89.28,6079,198,771
366,06,059,0755.18,Middle,No,114.19,"$127,800","$145,935","$121,557",9171,71.58,6565,2271,2372
367,06,059,0756.03,Upper,No,126.29,"$127,800","$161,399","$134,441",3880,41.16,1597,1049,1330
368,06,059,0756.04,Upper,No,155.76,"$127,800","$199,061","$165,813",7568,36.67,2775,2402,2507
369,06,059,0756.05,Upper,No,165.18,"$127,800","$211,100","$175,843",5748,41.89,2408,1700,2022
370,06,059,0756.06,Upper,No,228.52,"$127,800","$292,049","$243,269",6629,39.51,2619,1909,2262
371,06,059,0756.07,Upper,No,142.08,"$127,800","$181,578","$151,250",6484,55.85,3621,1400,1827
372,06,059,0757.01,Upper,No,121.31,"$127,800","$155,034","$129,137",7228,66.20,4785,1528,1797
373,06,059,0757.02,Upper,No,126.07,"$127,800","$161,117","$134,211",3363,40.50,1362,999,1095
374,06,059,0757.03,Upper,No,168.22,"$127,800","$214,985","$179,079",4135,36.08,1492,1279,1416
375,06,059,0758.05,Middle,No,94.54,"$127,800","$120,822","$100,643",4354,64.35,2802,649,1085
376,06,059,0758.06,Middle,No,82.13,"$127,800","$104,962","$87,430",6393,67.48,4314,861,1525
377,06,059,0758.07,Upper,No,122.34,"$127,800","$156,351","$130,238",4274,61.04,2609,817,1098
378,06,059,0758.08,Upper,No,145.52,"$127,800","$185,975","$154,911",3456,43.32,1497,953,1080
379,06,059,0758.09,Upper,No,193.97,"$127,800","$247,894","$206,490",3109,36.73,1142,1071,1137
380,06,059,0758.10,Upper,No,129.22,"$127,800","$165,143","$137,563",3045,39.38,1199,882,1017
381,06,059,0758.11,Moderate,No,74.36,"$127,800","$95,032","$79,167",3479,75.34,2621,520,722
382,06,059,0758.12,Moderate,No,76.41,"$127,800","$97,652","$81,341",6200,63.85,3959,1001,1440
383,06,059,0758.13,Upper,No,145.80,"$127,800","$186,332","$155,216",5269,53.58,2823,1428,1668
384,06,059,0758.14,Upper,No,160.20,"$127,800","$204,736","$170,536",3055,47.63,1455,959,997
385,06,059,0758.15,Middle,No,92.82,"$127,800","$118,624","$98,810",5261,59.84,3148,1114,1640
386,06,059,0758.16,Middle,No,99.86,"$127,800","$127,621","$106,308",3626,67.65,2453,548,894
387,06,059,0759.01,Middle,No,103.04,"$127,800","$131,685","$109,688",4356,53.99,2352,551,1432
388,06,059,0759.02,Moderate,No,63.30,"$127,800","$80,897","$67,389",6617,54.60,3613,669,1926
389,06,059,0760.01,Moderate,No,63.16,"$127,800","$80,718","$67,245",7901,70.65,5582,1290,1522
390,06,059,0760.02,Upper,No,138.36,"$127,800","$176,824","$147,292",1994,62.89,1254,136,183
391,06,059,0761.02,Moderate,No,60.18,"$127,800","$76,910","$64,063",8150,76.63,6245,172,648
392,06,059,0761.03,Moderate,No,60.98,"$127,800","$77,932","$64,922",9182,90.03,8267,780,1865
393,06,059,0761.04,Middle,No,99.88,"$127,800","$127,647","$106,333",6189,66.02,4086,129,184
394,06,059,0761.05,Middle,No,85.34,"$127,800","$109,065","$90,855",4697,76.13,3576,791,1239
395,06,059,0762.01,Upper,No,131.41,"$127,800","$167,942","$139,896",7167,59.94,4296,1813,2463
396,06,059,0762.02,Middle,No,96.32,"$127,800","$123,097","$102,542",5959,61.39,3658,991,1821
397,06,059,0762.04,Moderate,No,61.94,"$127,800","$79,159","$65,938",5009,83.51,4183,285,679
398,06,059,0762.05,Middle,No,97.73,"$127,800","$124,899","$104,038",7297,54.64,3987,843,1433
399,06,059,0762.06,Middle,No,91.97,"$127,800","$117,538","$97,913",4606,49.78,2293,1270,1739
400,06,059,0762.08,Middle,No,102.76,"$127,800","$131,327","$109,399",5368,55.42,2975,1193,1534
401,06,059,0863.01,Moderate,No,79.65,"$127,800","$101,793","$84,792",7486,86.07,6443,1065,1526
402,06,059,0863.03,Middle,No,86.44,"$127,800","$110,470","$92,024",11758,70.99,8347,926,1197
403,06,059,0863.04,Moderate,No,74.87,"$127,800","$95,684","$79,708",5009,74.75,3744,528,744
404,06,059,0863.05,Middle,No,100.25,"$127,800","$128,120","$106,724",4015,70.41,2827,970,1177
405,06,059,0863.06,Moderate,No,74.97,"$127,800","$95,812","$79,814",3975,78.44,3118,557,769
406,06,059,0864.02,Middle,No,97.46,"$127,800","$124,554","$103,750",5503,84.50,4650,1061,1373
407,06,059,0864.04,Moderate,No,74.18,"$127,800","$94,802","$78,971",6119,91.16,5578,699,1021
408,06,059,0864.05,Moderate,No,66.27,"$127,800","$84,693","$70,547",6986,90.84,6346,631,926
409,06,059,0864.06,Moderate,No,66.71,"$127,800","$85,255","$71,023",4498,83.04,3735,345,509
410,06,059,0864.07,Moderate,No,74.45,"$127,800","$95,147","$79,257",6758,77.51,5238,810,1339
411,06,059,0865.01,Moderate,No,64.93,"$127,800","$82,981","$69,122",4368,86.31,3770,669,1272
412,06,059,0865.02,Moderate,No,53.38,"$127,800","$68,220","$56,829",6053,95.62,5788,535,1047
413,06,059,0866.01,Moderate,No,54.58,"$127,800","$69,753","$58,102",8735,92.57,8086,638,1620
414,06,059,0866.02,Moderate,No,57.94,"$127,800","$74,047","$61,681",5967,85.42,5097,510,843
415,06,059,0867.01,Middle,No,84.65,"$127,800","$108,183","$90,114",8776,83.48,7326,1499,2019
416,06,059,0867.02,Moderate,No,57.69,"$127,800","$73,728","$61,419",7200,88.85,6397,761,1549
417,06,059,0868.01,Middle,No,80.41,"$127,800","$102,764","$85,600",3593,76.62,2753,668,878
418,06,059,0868.02,Middle,No,88.25,"$127,800","$112,784","$93,952",5640,82.93,4677,682,1172
419,06,059,0868.03,Moderate,No,62.52,"$127,800","$79,901","$66,554",8254,78.58,6486,941,1329
420,06,059,0869.01,Low,No,46.43,"$127,800","$59,338","$49,429",8764,81.87,7175,523,940
421,06,059,0869.02,Middle,No,84.40,"$127,800","$107,863","$89,855",5705,75.30,4296,731,1120
422,06,059,0869.03,Moderate,No,63.59,"$127,800","$81,268","$67,695",6776,80.77,5473,590,1083
423,06,059,0870.01,Moderate,No,64.58,"$127,800","$82,533","$68,750",5633,83.01,4676,530,824
424,06,059,0870.02,Moderate,No,70.54,"$127,800","$90,150","$75,100",7457,77.18,5755,864,1142
425,06,059,0871.01,Moderate,No,55.39,"$127,800","$70,788","$58,973",4706,80.17,3773,363,584
426,06,059,0871.02,Moderate,No,64.28,"$127,800","$82,150","$68,428",6613,86.48,5719,277,757
427,06,059,0871.03,Moderate,No,74.28,"$127,800","$94,930","$79,075",8582,81.23,6971,1350,1852
428,06,059,0871.05,Moderate,No,69.78,"$127,800","$89,179","$74,290",4729,81.22,3841,1039,1313
429,06,059,0871.06,Low,No,42.86,"$127,800","$54,775","$45,625",4793,84.75,4062,401,732
430,06,059,0872.00,Middle,No,83.26,"$127,800","$106,406","$88,636",7538,78.30,5902,1156,1553
431,06,059,0873.01,Low,No,41.24,"$127,800","$52,705","$43,906",4526,89.20,4037,326,759
432,06,059,0873.02,Moderate,No,60.25,"$127,800","$77,000","$64,145",6021,85.75,5163,567,865
433,06,059,0874.01,Middle,No,117.71,"$127,800","$150,433","$125,313",5110,82.11,4196,1481,1774
434,06,059,0874.03,Moderate,No,51.26,"$127,800","$65,510","$54,567",3144,92.24,2900,253,466
435,06,059,0874.04,Moderate,No,52.41,"$127,800","$66,980","$55,797",3764,92.77,3492,212,800
436,06,059,0874.05,Low,No,47.25,"$127,800","$60,386","$50,299",5509,92.38,5089,278,595
437,06,059,0875.03,Moderate,No,59.26,"$127,800","$75,734","$63,085",6031,83.63,5044,629,1271
438,06,059,0875.04,Low,No,48.59,"$127,800","$62,098","$51,731",7109,91.76,6523,284,890
439,06,059,0875.05,Moderate,No,50.14,"$127,800","$64,079","$53,382",4742,84.96,4029,470,752
440,06,059,0876.01,Moderate,No,53.14,"$127,800","$67,913","$56,571",4839,81.30,3934,441,617
441,06,059,0876.02,Moderate,No,76.83,"$127,800","$98,189","$81,790",7807,81.84,6389,1026,1434
442,06,059,0877.01,Middle,No,92.35,"$127,800","$118,023","$98,315",5518,77.69,4287,838,1185
443,06,059,0877.03,Moderate,No,76.07,"$127,800","$97,217","$80,978",6462,84.32,5449,1180,1400
444,06,059,0877.04,Middle,No,85.87,"$127,800","$109,742","$91,411",4780,80.71,3858,854,947
445,06,059,0878.01,Moderate,No,78.11,"$127,800","$99,825","$83,158",5280,76.95,4063,926,1136
446,06,059,0878.02,Moderate,No,72.35,"$127,800","$92,463","$77,019",7431,83.57,6210,1038,1576
447,06,059,0878.03,Moderate,No,56.71,"$127,800","$72,475","$60,372",5599,92.02,5152,405,775
448,06,059,0878.05,Moderate,No,66.12,"$127,800","$84,501","$70,395",7065,87.08,6152,831,1162
449,06,059,0878.06,Moderate,No,58.07,"$127,800","$74,213","$61,823",5552,85.50,4747,525,874
450,06,059,0879.01,Moderate,No,78.00,"$127,800","$99,684","$83,036",3540,83.39,2952,700,938
451,06,059,0879.02,Middle,No,86.60,"$127,800","$110,675","$92,188",5599,91.43,5119,682,1056
452,06,059,0880.01,Moderate,No,79.35,"$127,800","$101,409","$84,472",4928,82.77,4079,785,1076
453,06,059,0880.02,Moderate,No,78.05,"$127,800","$99,748","$83,092",3990,79.25,3162,854,1057
454,06,059,0881.01,Moderate,No,73.64,"$127,800","$94,112","$78,393",2252,74.11,1669,365,593
455,06,059,0881.04,Moderate,No,70.24,"$127,800","$89,767","$74,773",4924,78.57,3869,732,919
456,06,059,0881.05,Middle,No,82.44,"$127,800","$105,358","$87,768",4194,82.74,3470,900,1140
457,06,059,0881.06,Moderate,No,71.62,"$127,800","$91,530","$76,250",4951,82.85,4102,963,1214
458,06,059,0881.07,Moderate,No,58.30,"$127,800","$74,507","$62,067",6103,88.02,5372,726,1484
459,06,059,0882.01,Moderate,No,50.42,"$127,800","$64,437","$53,681",4090,79.56,3254,573,753
460,06,059,0882.02,Middle,No,95.28,"$127,800","$121,768","$101,429",3184,78.86,2511,648,976
461,06,059,0882.03,Middle,No,87.40,"$127,800","$111,697","$93,039",5013,82.96,4159,676,990
462,06,059,0883.01,Moderate,No,68.94,"$127,800","$88,105","$73,388",6561,82.64,5422,913,1287
463,06,059,0883.02,Middle,No,96.19,"$127,800","$122,931","$102,401",6222,78.72,4898,1188,1593
464,06,059,0884.01,Middle,No,91.22,"$127,800","$116,579","$97,115",5190,82.10,4261,1075,1481
465,06,059,0884.02,Moderate,No,59.41,"$127,800","$75,926","$63,250",4679,86.58,4051,618,748
466,06,059,0884.03,Moderate,No,75.81,"$127,800","$96,885","$80,711",6676,85.81,5729,959,1342
467,06,059,0885.01,Moderate,No,73.72,"$127,800","$94,214","$78,477",7282,90.48,6589,958,1407
468,06,059,0885.02,Moderate,No,68.73,"$127,800","$87,837","$73,170",5252,88.14,4629,615,850
469,06,059,0886.01,Moderate,No,77.86,"$127,800","$99,505","$82,886",6752,88.70,5989,1134,1380
470,06,059,0886.02,Moderate,No,78.21,"$127,800","$99,952","$83,264",4535,83.66,3794,699,1044
471,06,059,0887.01,Moderate,No,61.24,"$127,800","$78,265","$65,195",6307,87.49,5518,592,1032
472,06,059,0887.02,Middle,No,82.63,"$127,800","$105,601","$87,969",6022,93.11,5607,711,1503
473,06,059,0888.01,Moderate,No,55.99,"$127,800","$71,555","$59,609",8252,89.54,7389,666,1410
474,06,059,0888.02,Moderate,No,56.89,"$127,800","$72,705","$60,565",5500,89.22,4907,742,1108
475,06,059,0889.01,Moderate,No,67.32,"$127,800","$86,035","$71,667",6450,90.93,5865,1061,1607
476,06,059,0889.02,Moderate,No,74.93,"$127,800","$95,761","$79,773",5132,92.15,4729,693,1203
477,06,059,0889.03,Moderate,No,68.60,"$127,800","$87,671","$73,026",8479,93.81,7954,1200,1713
478,06,059,0889.04,Moderate,No,55.18,"$127,800","$70,520","$58,750",5687,93.41,5312,824,1425
479,06,059,0889.05,Moderate,No,52.60,"$127,800","$67,223","$56,000",5115,92.57,4735,720,1213
480,06,059,0890.01,Moderate,No,62.91,"$127,800","$80,399","$66,971",6727,95.76,6442,942,1643
481,06,059,0890.03,Moderate,No,62.88,"$127,800","$80,361","$66,940",3822,93.90,3589,429,603
482,06,059,0890.04,Moderate,No,61.87,"$127,800","$79,070","$65,862",7230,94.94,6864,1084,1402
483,06,059,0891.02,Middle,No,88.69,"$127,800","$113,346","$94,414",7012,92.34,6475,1234,1571
484,06,059,0891.04,Moderate,No,52.27,"$127,800","$66,801","$55,643",5243,95.88,5027,369,629
485,06,059,0891.05,Moderate,No,57.68,"$127,800","$73,715","$61,406",6179,98.12,6063,332,1010
486,06,059,0891.06,Moderate,No,53.16,"$127,800","$67,938","$56,597",3972,95.34,3787,303,707
487,06,059,0891.07,Middle,No,98.95,"$127,800","$126,458","$105,341",5672,91.47,5188,1157,1410
488,06,059,0992.02,Moderate,No,62.27,"$127,800","$79,581","$66,297",8308,91.24,7580,1165,1645
489,06,059,0992.03,Middle,No,82.19,"$127,800","$105,039","$87,500",5832,87.14,5082,914,1341
490,06,059,0992.04,Moderate,No,74.09,"$127,800","$94,687","$78,875",4429,86.54,3833,997,1308
491,06,059,0992.12,Moderate,No,61.74,"$127,800","$78,904","$65,732",5023,57.65,2896,716,1507
492,06,059,0992.14,Middle,No,91.04,"$127,800","$116,349","$96,917",3716,34.15,1269,1091,1289
493,06,059,0992.15,Upper,No,121.86,"$127,800","$155,737","$129,722",5381,41.57,2237,1527,1956
494,06,059,0992.16,Middle,No,112.14,"$127,800","$143,315","$119,375",4272,39.21,1675,1243,1533
495,06,059,0992.17,Upper,No,128.12,"$127,800","$163,737","$136,394",2465,27.06,667,834,798
496,06,059,0992.20,Middle,No,110.25,"$127,800","$140,900","$117,370",5709,31.90,1821,1486,1984
497,06,059,0992.22,Moderate,No,62.69,"$127,800","$80,118","$66,736",5102,82.54,4211,832,1363
498,06,059,0992.23,Moderate,No,68.10,"$127,800","$87,032","$72,500",5430,80.66,4380,809,1250
499,06,059,0992.24,Moderate,No,78.83,"$127,800","$100,745","$83,917",3596,68.94,2479,705,887
500,06,059,0992.25,Middle,No,104.66,"$127,800","$133,755","$111,422",3500,66.74,2336,1065,1175
501,06,059,0992.26,Middle,No,112.30,"$127,800","$143,519","$119,550",3862,75.82,2928,828,1218
502,06,059,0992.27,Middle,No,81.97,"$127,800","$104,758","$87,266",6512,77.53,5049,1074,1516
503,06,059,0992.29,Middle,No,88.03,"$127,800","$112,502","$93,717",6745,58.92,3974,1181,1368
504,06,059,0992.30,Middle,No,103.77,"$127,800","$132,618","$110,469",4511,45.67,2060,1150,1364
505,06,059,0992.31,Upper,No,124.99,"$127,800","$159,737","$133,056",5536,46.50,2574,1521,1670
506,06,059,0992.32,Middle,No,113.70,"$127,800","$145,309","$121,042",5602,50.32,2819,1742,1879
507,06,059,0992.33,Upper,No,120.71,"$127,800","$154,267","$128,507",3390,54.93,1862,767,912
508,06,059,0992.34,Middle,No,91.00,"$127,800","$116,298","$96,875",3580,60.42,2163,777,1092
509,06,059,0992.35,Middle,No,104.32,"$127,800","$133,321","$111,058",5314,42.62,2265,1389,1941
510,06,059,0992.37,Upper,No,129.02,"$127,800","$164,888","$137,344",3565,34.61,1234,831,1173
511,06,059,0992.38,Upper,No,147.83,"$127,800","$188,927","$157,368",3982,38.15,1519,1154,1366
512,06,059,0992.39,Upper,No,146.69,"$127,800","$187,470","$156,154",3792,32.91,1248,1105,1322
513,06,059,0992.40,Middle,No,93.56,"$127,800","$119,570","$99,597",5339,31.58,1686,1047,1436
514,06,059,0992.41,Middle,No,82.58,"$127,800","$105,537","$87,917",4835,65.03,3144,543,899
515,06,059,0992.42,Middle,No,93.34,"$127,800","$119,289","$99,363",3570,60.25,2151,626,1051
516,06,059,0992.43,Middle,No,101.30,"$127,800","$129,461","$107,841",4298,30.92,1329,1455,1456
517,06,059,0992.44,Upper,No,134.98,"$127,800","$172,504","$143,694",3829,24.55,940,1511,1566
518,06,059,0992.45,Upper,No,127.99,"$127,800","$163,571","$136,250",2954,36.36,1074,845,942
519,06,059,0992.46,Upper,No,125.33,"$127,800","$160,172","$133,419",3507,40.03,1404,1030,1124
520,06,059,0992.47,Moderate,No,63.21,"$127,800","$80,782","$67,292",3142,95.48,3000,384,680
521,06,059,0992.48,Moderate,No,61.77,"$127,800","$78,942","$65,765",5148,94.56,4868,652,1039
522,06,059,0992.49,Moderate,No,54.44,"$127,800","$69,574","$57,955",3939,98.60,3884,259,811
523,06,059,0992.50,Middle,No,104.60,"$127,800","$133,679","$111,358",2918,61.79,1803,481,851
524,06,059,0992.51,Middle,No,82.44,"$127,800","$105,358","$87,768",5771,65.47,3778,472,1041
525,06,059,0993.05,Middle,No,86.58,"$127,800","$110,649","$92,169",7419,42.12,3125,976,2080
526,06,059,0993.06,Middle,No,90.26,"$127,800","$115,352","$96,089",6060,33.00,2000,750,2160
527,06,059,0993.07,Middle,No,110.20,"$127,800","$140,836","$117,313",2741,28.42,779,716,1125
528,06,059,0993.08,Upper,No,202.10,"$127,800","$258,284","$215,143",5667,37.13,2104,1935,2153
529,06,059,0993.09,Upper,No,136.43,"$127,800","$174,358","$145,238",4981,28.35,1412,1044,1717
530,06,059,0993.10,Unknown,No,0.00,"$127,800",$0,$0,4286,31.50,1350,768,1465
531,06,059,0993.11,Upper,No,127.99,"$127,800","$163,571","$136,250",3496,28.20,986,706,1219
532,06,059,0994.02,Moderate,No,66.19,"$127,800","$84,591","$70,469",7663,80.13,6140,515,1665
533,06,059,0994.04,Upper,No,140.74,"$127,800","$179,866","$149,821",4449,33.33,1483,1097,1384
534,06,059,0994.05,Middle,No,108.26,"$127,800","$138,356","$115,250",4555,42.57,1939,908,1244
535,06,059,0994.06,Middle,No,90.54,"$127,800","$115,710","$96,385",4550,42.00,1911,1059,1264
536,06,059,0994.07,Upper,No,127.11,"$127,800","$162,447","$135,313",2378,38.60,918,607,777
537,06,059,0994.08,Upper,No,130.68,"$127,800","$167,009","$139,118",4354,37.94,1652,1078,1500
538,06,059,0994.10,Moderate,No,60.70,"$127,800","$77,575","$64,620",5104,56.84,2901,406,918
539,06,059,0994.11,Moderate,No,66.07,"$127,800","$84,437","$70,341",5569,58.68,3268,393,1432
540,06,059,0994.12,Middle,No,90.16,"$127,800","$115,224","$95,982",4689,39.84,1868,1003,1219
541,06,059,0994.15,Upper,No,144.26,"$127,800","$184,364","$153,571",5168,32.14,1661,1631,1800
542,06,059,0994.16,Middle,No,108.20,"$127,800","$138,280","$115,190",4883,40.04,1955,331,1591
543,06,059,0994.17,Middle,No,106.59,"$127,800","$136,222","$113,472",4952,36.85,1825,977,1576
544,06,059,0994.18,Middle,No,107.52,"$127,800","$137,411","$114,457",4681,45.55,2132,704,932
545,06,059,0994.19,Upper,No,162.28,"$127,800","$207,394","$172,754",3960,44.92,1779,1131,1414
546,06,059,0995.02,Moderate,No,64.87,"$127,800","$82,904","$69,063",647,61.05,395,0,159
547,06,059,0995.04,Upper,No,121.61,"$127,800","$155,418","$129,464",2696,26.34,710,1084,1145
548,06,059,0995.06,Upper,No,131.98,"$127,800","$168,670","$140,500",1167,25.02,292,258,811
549,06,059,0995.08,Moderate,No,76.19,"$127,800","$97,371","$81,106",4840,34.69,1679,921,1492
550,06,059,0995.09,Moderate,No,59.49,"$127,800","$76,028","$63,333",3832,33.90,1299,2026,1226
551,06,059,0995.10,Moderate,No,51.49,"$127,800","$65,804","$54,818",4359,34.92,1522,3181,1573
552,06,059,0995.11,Upper,No,134.50,"$127,800","$171,891","$143,182",3222,24.15,778,539,1417
553,06,059,0995.12,Upper,No,141.20,"$127,800","$180,454","$150,313",3091,30.57,945,541,1074
554,06,059,0995.13,Upper,No,120.59,"$127,800","$154,114","$128,370",2006,28.07,563,676,822
555,06,059,0995.14,Upper,No,132.35,"$127,800","$169,143","$140,896",5362,32.45,1740,2074,2483
556,06,059,0996.01,Low,No,48.99,"$127,800","$62,609","$52,159",6654,84.33,5611,913,1697
557,06,059,0996.02,Middle,No,109.85,"$127,800","$140,388","$116,939",3530,55.47,1958,591,833
558,06,059,0996.03,Upper,No,128.38,"$127,800","$164,070","$136,667",6433,46.28,2977,1659,2049
559,06,059,0996.04,Middle,No,103.66,"$127,800","$132,477","$110,349",3597,41.17,1481,1139,1314
560,06,059,0996.05,Upper,No,122.22,"$127,800","$156,197","$130,114",5091,48.87,2488,1000,1196
561,06,059,0997.01,Moderate,No,59.19,"$127,800","$75,645","$63,013",6270,89.47,5610,693,1901
562,06,059,0997.02,Moderate,No,69.31,"$127,800","$88,578","$73,787",8240,82.38,6788,1245,1923
563,06,059,0997.03,Middle,No,90.51,"$127,800","$115,672","$96,351",5884,69.95,4116,1067,1307
564,06,059,0998.01,Moderate,No,63.12,"$127,800","$80,667","$67,201",6122,87.18,5337,762,1636
565,06,059,0998.02,Low,No,38.28,"$127,800","$48,922","$40,750",5225,85.03,4443,331,1106
566,06,059,0998.03,Moderate,No,56.95,"$127,800","$72,782","$60,625",5911,91.19,5390,752,1231
567,06,059,0999.02,Middle,No,80.63,"$127,800","$103,045","$85,833",4592,66.29,3044,913,1304
568,06,059,0999.03,Moderate,No,67.28,"$127,800","$85,984","$71,629",5600,85.48,4787,690,1052
569,06,059,0999.04,Moderate,No,52.37,"$127,800","$66,929","$55,750",6105,86.85,5302,610,1213
570,06,059,0999.05,Middle,No,91.59,"$127,800","$117,052","$97,500",3801,70.93,2696,441,969
571,06,059,0999.06,Upper,No,134.93,"$127,800","$172,441","$143,642",4941,49.28,2435,1440,1755
572,06,059,1100.01,Upper,No,124.24,"$127,800","$158,779","$132,255",4509,47.44,2139,1216,1547
573,06,059,1100.03,Upper,No,128.68,"$127,800","$164,453","$136,989",3175,46.99,1492,610,822
574,06,059,1100.04,Upper,No,124.40,"$127,800","$158,983","$132,431",4852,45.65,2215,1407,1567
575,06,059,1100.05,Middle,No,107.45,"$127,800","$137,321","$114,392",3182,39.94,1271,988,1164
576,06,059,1100.06,Upper,No,157.64,"$127,800","$201,464","$167,813",3092,40.85,1263,906,1001
577,06,059,1100.07,Upper,No,137.45,"$127,800","$175,661","$146,324",4724,34.14,1613,1627,1751
578,06,059,1100.08,Upper,No,131.00,"$127,800","$167,418","$139,451",4571,39.42,1802,1475,1517
579,06,059,1100.10,Upper,No,131.26,"$127,800","$167,750","$139,728",4486,56.84,2550,1185,1350
580,06,059,1100.11,Upper,No,120.67,"$127,800","$154,216","$128,456",3020,54.34,1641,811,1046
581,06,059,1100.12,Upper,No,165.90,"$127,800","$212,020","$176,607",5167,38.65,1997,1603,1814
582,06,059,1100.14,Middle,No,82.27,"$127,800","$105,141","$87,583",5242,61.62,3230,171,1090
583,06,059,1100.15,Upper,No,122.31,"$127,800","$156,312","$130,208",3546,40.75,1445,1163,1272
584,06,059,1101.02,Upper,No,126.26,"$127,800","$161,360","$134,415",5791,75.82,4391,1211,1509
585,06,059,1101.04,Middle,No,83.45,"$127,800","$106,649","$88,843",6077,69.56,4227,1198,1521
586,06,059,1101.06,Middle,No,105.72,"$127,800","$135,110","$112,542",3779,62.03,2344,918,1179
587,06,059,1101.08,Middle,No,109.33,"$127,800","$139,724","$116,389",2784,54.45,1516,548,979
588,06,059,1101.09,Middle,No,114.37,"$127,800","$146,165","$121,750",5143,69.94,3597,1218,1453
589,06,059,1101.10,Moderate,No,71.92,"$127,800","$91,914","$76,563",6037,76.49,4618,938,1401
590,06,059,1101.11,Middle,No,96.14,"$127,800","$122,867","$102,344",6410,70.75,4535,1080,1687
591,06,059,1101.13,Middle,No,108.48,"$127,800","$138,637","$115,481",2745,63.21,1735,550,667
592,06,059,1101.14,Middle,No,109.92,"$127,800","$140,478","$117,021",4779,57.90,2767,1286,1468
593,06,059,1101.15,Middle,No,97.87,"$127,800","$125,078","$104,191",3555,78.76,2800,735,986
594,06,059,1101.16,Upper,No,136.45,"$127,800","$174,383","$145,260",4760,81.70,3889,1011,1174
595,06,059,1101.17,Middle,No,103.99,"$127,800","$132,899","$110,709",6392,67.94,4343,1361,1566
596,06,059,1101.18,Upper,No,191.85,"$127,800","$245,184","$204,231",2470,78.38,1936,742,780
597,06,059,1102.01,Moderate,No,60.50,"$127,800","$77,319","$64,412",8372,78.43,6566,1307,1616
598,06,059,1102.02,Moderate,No,64.45,"$127,800","$82,367","$68,611",7874,79.73,6278,773,1176
599,06,059,1102.03,Middle,No,109.27,"$127,800","$139,647","$116,321",5620,62.74,3526,1299,1572
600,06,059,1103.01,Middle,No,105.54,"$127,800","$134,880","$112,350",6966,74.40,5183,1384,1558
601,06,059,1103.02,Middle,No,109.44,"$127,800","$139,864","$116,509",6153,80.32,4942,1076,1633
602,06,059,1103.03,Middle,No,91.06,"$127,800","$116,375","$96,944",5185,72.77,3773,995,1316
603,06,059,1103.04,Middle,No,114.68,"$127,800","$146,561","$122,083",4661,71.64,3339,948,1216
604,06,059,1104.01,Middle,No,102.85,"$127,800","$131,442","$109,489",5704,77.14,4400,996,1209
605,06,059,1104.02,Middle,No,90.29,"$127,800","$115,391","$96,125",5342,85.27,4555,741,1170
606,06,059,1105.00,Moderate,No,55.93,"$127,800","$71,479","$59,540",8557,91.36,7818,624,1181
607,06,059,1106.03,Moderate,No,50.80,"$127,800","$64,922","$54,083",8556,90.59,7751,274,1031
608,06,059,1106.04,Middle,No,95.36,"$127,800","$121,870","$101,513",8278,81.07,6711,2117,2522
609,06,059,1106.05,Middle,No,113.10,"$127,800","$144,542","$120,400",6704,85.87,5757,1374,1840
610,06,059,1106.06,Moderate,No,56.04,"$127,800","$71,619","$59,662",4991,93.33,4658,232,637
611,06,059,1106.07,Moderate,No,69.81,"$127,800","$89,217","$74,318",4537,81.60,3702,570,830
612,06,059,9800.00,Unknown,No,0.00,"$127,800",$0,$0,30,73.33,22,0,0
613,06,059,9901.00,Unknown,No,0.00,"$127,800",$0,$0,0,0.00,0,0,0
